camera,lat,log
1_Ave_@_110_St,40.79142678,-73.93807411
1_Ave_@_124_St,40.80042614,-73.93155098
1_Ave_@_23_St,40.73597417,-73.97828579
1_Ave_@_42_St,40.74803726,-73.96948814
1_Ave_@_79_St,40.77144187,-73.95249367
1_Ave_@_86_St,40.7760243,-73.94931793
1_Ave_@_96_St,40.783304,-73.944662
1_Ave_@_E_14_St,40.731331,-73.982561
1_Ave_and_34_St,40.74296517,-73.97330761
11_Ave_@_34_ST,40.75492947,-74.0018034
11_Ave_@_42_St,40.75990312,-73.99815559
12_Ave_@_14_St,40.74182715,-74.0087986
12_Ave_@_22_St,40.74771214,-74.00789738
12_Ave_@_34_St,40.75629482,-74.00450706
12_Ave_@_42_St,40.76126838,-74.00090218
12_Ave_@_57_St,40.77072685,-73.99420738
2_Ave_@_110_St,40.792531,-73.9402627
2_Ave_@_125_St,40.80195299,-73.93339634
2_Ave_@_23_St,40.737876,-73.980926
2_Ave_@_36_St-Midtown_Tunnel,40.7453387,-73.97489548
2_Ave_@_42_St,40.74904513,-73.97197723
2_Ave_@_49_St,40.75340154,-73.96884441
2_Ave_@_49_St,40.75340154,-73.96884441
2_Ave_@_58_St,40.75925299,-73.96468163
2_Ave_@_59_St_(QBB),40.75990312,-73.96412373
207_ST_@_9_Ave,40.86283582,-73.91700268
3_Ave_@_23_St,40.73799025,-73.98296356
3_AVE_@_34_ST,40.74481848,-73.97798538
3_Ave_@_42_St,40.74989042,-73.97429466
3_Ave_@_49_St,40.75440933,-73.97116184
3_Ave_@_57_St,40.75944803,-73.96734238
3_Ave_@_59_St,40.76071578,-73.96639824
5_Ave_@_23_St,40.74068911,-73.98944378
5_Ave_@_34_St,40.74754957,-73.9844656
5_Ave_@_42_St,40.75262131,-73.98068905
5_Ave_@_49_St,40.75710752,-73.97755623
5_Ave_@_57_St,40.76217853,-73.97377968
5_Ave_@_72_St,40.77153937,-73.96691322
6_Ave_@_14_St,40.73649445,-73.99656773
6_Ave_@_23_St,40.74208727,-73.99266243
6_Ave_@_34_St,40.74881754,-73.98746967
6_Ave_@_42_St,40.75408424,-73.9839077
6_Ave_@_49_St,40.75840782,-73.98073196
6_Ave_@_57_St,40.76344622,-73.97695541
6_Ave_@_58_St,40.76429133,-73.97652626
6_Ave_@_West_Houston_St,40.728348,-74.002878
7_Ave_@_145_St,40.8207271,-73.93880367
7_Ave_@_23St,40.74332283,-73.99545193
7_Ave_@_34_St,40.75015051,-73.99055958
7_Ave_@_49_St,40.75964307,-73.98356438
7_Ave_@_57_St,40.76474639,-73.97995949
8_Ave_@_14_St,40.73896576,-74.00231838
8_Ave_@_34_St,40.75135341,-73.99339199
8_Ave_@_42_St,40.75629482,-73.98957253
8_Ave_@_49_St,40.76081329,-73.98639679
8_Ave_@_Columbus_Cr_South,40.766969,-73.982265
8th_Ave_@_23_St,40.7443958,-73.99811268
9_Ave_@_23_St,40.74579388,-74.00120258
9_Ave_@_30_St,40.75015051,-73.9978981
9_Ave_@_34_St,40.75245876,-73.99613857
9_Ave_@_37_St,40.75447435,-73.99463654
9_Ave_@_42_St,40.75759514,-73.99244785
9_Ave_@_48_St,40.76136589,-73.98965836
9_Ave_@_49_St,40.7619835,-73.9892292
9_Ave_@_57_St,40.76711914,-73.98549557
Adams_@_Tillary,40.69554199,-73.9883709
Amsterdam_@_178_St,40.850354,-73.940604
Amsterdam_@_72_St,40.77787669,-73.98141861
Amsterdam_@_86_St,40.78687789,-73.97489548
Amsterdam_Ave_@_125_St,40.813323,-73.956265
Amsterdam_Ave_@_60_St,40.77020683,-73.98686886
Atlantic_Ave_@_Boerum_St,40.68841584,-73.99025917
Atlantic_Ave_@_BQE,40.69075877,-73.99841309
Atlantic_Ave_@_Vanderbilt_Ave,40.68096347,-73.96704197
Baxter_St_@_Canal_Street,40.71662313,-73.99918556
Belt_Pkwy_@_130_St,40.6666,-73.8104
Belt_Pkwy_@_150th_St,40.667592,-73.771721
Belt_Pkwy_@_158_St,40.659301,-73.854457
Belt_Pkwy_@_68_St,40.63903247,-74.03562069
Belt_Pkwy_@_Bay_8th_St,40.60439255,-74.01698586
Belt_Pkwy_@_Brookville_Blvd,40.66527499,-73.74040604
Belt_Pkwy_@_Erskine,40.65091777,-73.86576176
Belt_Pkwy_@_Flatbush,40.59564133,-73.90764713
Belt_Pkwy_@_Ocean_Pkwy,40.58325731,-73.96665573
Belt_Pkwy_@_Pennsylvania_Ave,40.64251688,-73.87588978
Belt_Pkwy_@_Springfield_Blvd,40.66527499,-73.75757217
Belt_Pkwy@_Cross_Bay_Blvd,40.666453,-73.841179
BQE_@_Cadman_Plz_Ent,40.70133346,-73.99231911
BQE_@_Hamilton_Ave_B-G_Ramp,40.67504004,-74.00030136
BQE_@_Varick_St,40.72436422,-73.93446922
BQE31_-_EB_at_54th_Ave_-_Ex35,40.732381,-73.925285
BQE33_WB_at_45th_St_-_Ex35,40.734787,-73.921208
BQE35_EB_at_61st_St_-_Ex39,40.73825,-73.903635
BQE39_WB_at_Broadway_-_Ex40,40.748801,-73.896317
BQE40_WB_at_Northern_Blvd_-_Ex41,40.754149,-73.898635
BRE04_WB_at_Bronx_Rvr_Pkwy_Ex51,40.82253,-73.886962
BRE05_WB_at_Castle_Hill_Ave_Ex52,40.827303,-73.849905
BRE07_NB_at_Quincy_Ave_-_Ex7B,40.831866,-73.830421
Broadway_@_125_St,40.815466,-73.958282
Broadway_@_169_Street,40.84085951,-73.939147
Broadway_@_42_St,40.75509201,-73.98674011
Broadway_@_46_Street,40.7578877,-73.98536682
Broadway_@_51_St,40.76126838,-73.98356438
Broadway_@_96_St,40.794668,-73.971788
Broadway_@_Chambers_St,40.713337,-74.006223
Bronx_River_Pkwy_@_233_ST,40.893866,-73.863297
Brooklyn_Battery_Tunnel_@_West_Street,40.704567,-74.015205
Brooklyn_Bridge_-_Ped_Walk_Way,40.709046,-74.000735
Brooklyn_Bridge_@_Centre_Street,40.71177636,-74.00472164
Brooklyn_Queens_Expwyat_Stewart_Avenue,40.725389,-73.93316
Brooklyn_Queens_Expy_-_GCP_@_31st_Ave,40.75766,-73.90106
Brooklyn_Queens_Expy_@__Metropolitan_Ave,40.71407,-73.953137
Brooklyn_Queens_Expy_@_31st_Ave,40.757806,-73.899837
Brooklyn_Queens_Expy_@_Adams_St,40.701366,-73.98865
Brooklyn_Queens_Expy_@_Atlantic_Ave,40.691605,-73.999207
Brooklyn_Queens_Expy_@_Broadway_St,40.708182,-73.957279
Brooklyn_Queens_Expy_@_Congress_St,40.689685,-73.998735
Brooklyn_Queens_Expy_@_Furman_St_LL,40.695705,-73.998327
Brooklyn_Queens_Expy_@_Furman_St_UL,40.698308,-73.997083
Brooklyn_Queens_Expy_@_Hamilton_Ave,40.680264,-74.003627
Brooklyn_Queens_Expy_@_Kent_Ave,40.69925119,-73.96137714
Brooklyn_Queens_Expy_@_Lee_Ave,40.704977,-73.959124
Brooklyn_Queens_Expy_@_Manhattan_Ave,40.718672,-73.946786
Brooklyn_Queens_Expy_@_Middagh_St_LL,40.700943,-73.994701
Brooklyn_Queens_Expy_@_Middagh_St_UL,40.701187,-73.9941
Brooklyn_Queens_Expy_@_Morgan_Ave,40.723242,-73.939254
Brooklyn_Queens_Expy_@_Sackett_St,40.684901,-74.000988
Brooklyn_Queens_Expy_@_Sands_St,40.699934,-73.984766
Brooklyn_Queens_Expy_@_South_5th_St,40.708849,-73.956785
Brooklyn_Queens_Expy_@_State_St_UL,40.692369,-73.999486
Brooklyn_Queens_Expy_@_Union_St,40.684397,-74.001245
Brooklyn_Queens_Expy_@_Wythe_Ave,40.698129,-73.962429
Brooklyn-Battery_Tunnel_@_Brooklyn_Side,40.68041021,-74.00485039
Bruckner_Blvd_@_Lincoln_Ave,40.807681,-73.929512
Bruckner_Expy_@_Bronx_River_Pkwy,40.8238123,-73.87172699
Cadman_Plz_E_@_Prospect_St,40.69977177,-73.98944378
Canal_Street_@_Allen_Street,40.71441123,-73.99223328
Canal_Street_@_Chrystie_Street,40.71519191,-73.99459362
Central_Park_S_@_Columbus_Cr,40.76773669,-73.98146152
Church_Street_@_Vesey,40.71122335,-74.00978565
Clearview_@_Northern_Blvd,40.75772516,-73.77679825
Clearview_Expy_@_26th_Ave,40.77543933,-73.78417969
Clearview_Expy_@_35_St,40.76653408,-73.78096104
Columbus_Ave_@_67_St,40.77352188,-73.98081779
Columbus_St_@_65_St,40.77215688,-73.98171902
CPW_@_96_St,40.79080945,-73.96459579
Cross_Bay_Blvd_@__Wildlife_Refuge,40.61998,-73.8257
Cross_Bay_Blvd_@_156_Ave,40.66419,-73.8412
Cross_Bay_Blvd_@_156_St,40.664189,-73.841231
Cross_Bay_Blvd_@_20_Rd,40.598884,-73.820711
Cross_Bay_Blvd_@_20_Rd,40.59821561,-73.820014
Cross_Bay_Blvd_@_N_Channel_Dr,40.58876,-73.8193
Cross_Bay_Blvd_@_North_Channel_Bridge,40.588759,-73.819342
Cross_Bay_Blvd_@_Rockaway_Blvd,40.68638,-73.8446
Cross_Bronx_Expy_@_E_of_Bronx_River_Pkwy,40.83576204,-73.8731432
Cross_Bronx_Expy_@_Randall_Avenue,40.8240721,-73.82426262
Cross_Island_Expy_@_14_Ave,40.78736529,-73.81597996
Cross_Island_Pkwy_@_Bayside_Marina,40.779278,-73.768564
Cross_Island_Pkwy_@_Throgsneck,40.788185,-73.790539
Cross_Island_Pkwy_@_Union_Tpke,40.74016886,-73.72650146
CrossBay_@_North_Bound,40.587526,-73.81731
CrossBay_@_South_Bound,40.597758,-73.82082
CVE02_NB_at_64th_Ave,40.741934,-73.770174
CVE03_SB_at_56th_Ave,40.748147,-73.773658
CVE04_SB_at_48th_Ave,40.752691,-73.775804
Dyer_@_42_Street,40.75814776,-73.99390697
E_57_St_@_QBB,40.75844032,-73.96493912
E_63_St_@_QBB,40.76191849,-73.96137714
East_Houston_St_@_Ave_B,40.721437,-73.983838
East_Houston_St_@_Ave_D,40.719876,-73.978731
FDR_@_48_St,40.751693,-73.965239
FDR_@_E_127_St,40.803143,-73.930444
FDR_@_E_53_St,40.754739,-73.96219
FDR_@_E_6_St,40.721494,-73.974554
FDR_@_Grand_St,40.713209,-73.977491
FDR_@_Jackson_St,40.710874,-73.980571
FDR_Dr_@_111_ST,40.791666,-73.935403
FDR_Dr_@_135_Street,40.81095093,-73.93438339
FDR_Dr_@_155_Street,40.82738446,-73.93421173
FDR_Dr_@_23_St,40.73480351,-73.9746809
FDR_Dr_@_38_St,40.744441,-73.971242
FDR_Dr_@_73_St,40.766599,-73.950845
FDR_Dr_@_79_St,40.770256,-73.947626
FDR_Dr_@_90_St,40.777422,-73.942713
FDR_Dr_@_96_Street,40.78210123,-73.94369602
FDR_Dr_@_Brooklyn_Bridge_Exit_NB,40.7078076,-73.99867058
FDR_Dr_@_Brooklyn_Bridge_Exit_SB,40.70725456,-74.00004387
FDR_Dr_@_Catherine_Street,40.70826305,-73.99725437
FDR_Dr_@_Old_Slip,40.7031554,-74.00703907
Flatbush_Ave_@_Willoughby,40.69121433,-73.982234
Flatbush_Ave_and_4_Ave,40.68389245,-73.97794247
Flatbush_Ave_and_Atlantic_Ave,40.68320903,-73.97699833
Flatbush_Ave@_6_Ave,40.67930366,-73.97455215
Fordham_Rd_@_Hughes_Ave,40.85754529,-73.88408661
Fordham_Rd_and_Grand_Concourse,40.86179722,-73.89670372
Ft_Washington_@_179_St,40.849349,-73.938940
Ft_Washington_@_178_St,40.848657,-73.939207
GCP_@_166_St,40.716879,-73.800069
GCP_@_214_St,40.72693354,-73.75370979
GCP_@_31_ST,40.77010932,-73.91713142
GCP_@_Astoria_Blvd_@_49_St,40.748744,-73.896262
GCP_@_LGA_94_St_Exit,40.772124,-73.876215
GCP_Astoria_N_SR_@_49_St,40.767769,-73.901557
GCP_EB_@_126_St,40.759919,-73.846248
GCP_EB_@_37_St,40.76910178,-73.91189575
GCP06_WB_at_27th_Ave_-_Ex6,40.771572,-73.876061
GCP07_EB_at_Ditmars_Blvd_-_Ex9,40.760521,-73.857694
GCP08_EB_at_Roosevelt_Ave_-_Ex9,40.75203613,-73.85181427
Gowanus_Expwy_@_57_St,40.643722,-74.018648
Gowanus_Expwy_@_6_Ave,40.63532,-74.016802
Gowanus_Expwy_@_63_Street,40.640205,-74.021673
Gowanus_Expwy_@_72_Street,40.628871,-74.01736
Gowanus_Expwy_@_79_Street,40.623855,-74.019785
Gowanus_Expwy_@_Fort_Hamilton_Pkwy,40.625109,74.01912
Gowanus_Expwy_btwn_6_&_7_Ave,40.633219,-74.016266
Gowanus_Expy_@_92_St,40.616282,-74.026136
Gowanus_Expy_@_Prospect_Interchange,40.6669026,-73.99570942
Gowanus_Expy_@_Sackett_St,40.68389245,-74.00094509
Gowanus_Expy_WB_@_36_St,40.6548248,-74.00652409
Gowanus_Expy_WB_@_6_Ave,40.63450574,-74.01703835
Gower_St_WOF_Manor_Rd_Underpass,40.609159,-74.123981
GR_Brewer_@_Belt,40.66673984,-73.77096176
Grand_Army_Plaza,40.672744,-73.968781
Grand_Central_Pkwy_@_37_Street,40.769492,-73.912797
Grand_Central_Pkwy_@_46_street,40.768029,-73.905244
Grand_Central_Pkwy_@_72_Street,40.767022,-73.896918
Grand_Central_Pkwy_@_75_Street,40.766372,-73.8937
Grand_Central_Pkwy_E/Connector_@_126_St,40.758115,-73.852715
Grand_St_@_Allen_St,40.71655808,-73.99094582
Grand_St_@_Broadway,40.7200059,-74.00051594
Grand_St_@_Essex_St,40.71590752,-73.98880005
Greenwich_St_@_Morris_St,40.70562794,-74.0141201
Harlem_Rvr_Dr_(FDR)_@_166_St,40.836133,-73.934883
Henry_Hudson_@_137_St,40.82199367,-73.95725727
Henry_Hudson_@_158_St,40.83589192,-73.94871712
Henry_Hudson_@_70_St,40.77901409,-73.98832798
Henry_Hudson_@_North_Bound,40.87802345,-73.92060757
Henry_Hudson_@_South_Bound,40.87597916,-73.92365456
Henry_Hudson_Pkwy_@_125_St,40.81764175,-73.96086216
Henry_Hudson_Pkwy_@_232_St,40.88383147,-73.91451359
Henry_Hudson_Pkwy_@_96_St,40.79561797,-73.97618294
Hillside_Ave_@_Little_Neck_Pkwy,40.736207,-73.713777
Holland_Tunnel,40.725925,-74.009506
Houston_St_@_Bowery_St,40.724348,-73.992623
Houston_St_@_Broadway,40.725458,-73.996756
Houston_St_@_Christies_St,40.724006,-73.990992
Houston_St_@_Lafeyette_St,40.725063,-73.995413
Hutchinson_River_Pkwy_@_East_Tremont,40.840681,-73.838395
Hutchinson_Rvr_Pkwy_@_Whitestone_Br,40.814048,-73.836467
Hylan_Blvd_@_New_Dorp_Lane,40.570469,-74.109749
Hylan_Blvd_@_Seaview_Ave,40.585929,-74.092579
Korean_War_Veterans_Pkwy_@_Tyrellan_Ave,40.525674,-74.230371
Korean_War_Vetrans_Pkwy_@_Bloomingdale_Rd,40.528267,-74.216659
Lenox_Ave_@_125_St,40.80798,-73.945472
Lenox_Ave_@_135_St,40.81332203,-73.94060612
Lexington_Ave_@_23_St,40.73883569,-73.98459435
Lexington_Ave_@_34_St,40.74569634,-73.97961617
Lexington_Ave_@_42_St,40.75063818,-73.97592545
Lexington_Ave_@_49_St,40.75505951,-73.97274971
Lexington_Ave_@_57_ST,40.76006566,-73.96875858
Lexington_Ave_@_72_St,40.76971931,-73.96202087
LIE_@_Kissena_Blvd,40.738943,-73.815047
LIE_@_Marathon_Pkwy,40.760716,-73.73183
LIE_@_QMT-__Pulaski_Br,40.74091672,-73.95339489
LIE_EB_@_Pulaski_Bridge,40.73926,-73.952459
Long_Island_Expy_@_163rd_St,40.738661,-73.805945
Long_Island_Expy_@_172nd_St,40.738072,-73.797433
Long_Island_Expy_@_185th_St,40.739972,-73.790251
Long_Island_Expy_@_27th_St,40.739737,-73.941864
Long_Island_Expy_@_48_St_UL,40.732226,-73.919593
Long_Island_Expy_@_48th_St_LL,40.732396,-73.919523
Long_Island_Expy_@_48th_St_LL,40.732396,-73.919523
Long_Island_Expy_@_58th_St_LL,40.729904,-73.911293
Long_Island_Expy_@_75_St,40.728409,-73.886147
Long_Island_Expy_@_84_St,40.729801,-73.877454
Long_Island_Expy_@_99_St,40.735932,-73.858634
Long_Island_Expy_@_Francis_Lewis_Blvd,40.743389,-73.774497
Long_Island_Expy_@_Grand_Avenue,40.725338,-73.896916
Long_Island_Expy_@_Grand_Central_Pkwy,40.740093,-73.844963
Long_Island_Expy_@_Greenpoint_Ave,40.736478,-73.928855
Long_Island_Expy_@_Kissena_Blvd,40.738723,-73.814768
Long_Island_Expy_@_Lawrence_St,40.743441,-73.83333
Long_Island_Expy_@_ramp_to_W/B_BQE,40.733938,-73.921289
Long_Island_Expy_@_Underhill_Ave,40.742773,-73.780607
Long_Island_Expy_btwn_50_St_-_58th_St,40.730618,-73.914372
Long_Island_Expy_ramp_to_W/B_BQE,40.735242,-73.923918
Macombs_Dam_Bridge,40.828115,-73.931447
MADISON_@_34_ST,40.74686681,-73.98283482
MADISON_@_57_ST,40.76146341,-73.9721489
Madison_Ave_@_42_St,40.75197111,-73.97901535
Madison_Ave_@_49_St,40.75635984,-73.97583961
Madison_Ave_@_96_St,40.78645548,-73.9539957
Major_Deegan_@_Triboro_Bridge,40.809443,-73.929361
Major_Deegan_Expy_@_N_of_Alex_Hamilton_Bridge,40.849942,-73.923109
Major_Deegan_Expy_@_S_of_W_167_Street,40.83680105,-73.93009186
Manhattan_BBT_Entrance,40.70644125,-74.01609421
Marine_Parkway_@_North_Bound,40.58091,-73.8910388
Marine_Parkway_@_South_Bound,40.567187,-73.880567
MDE10_NB_at_W.175th_St_-_Ex7_CBX,40.849349,-73.923697
MHB-20_Mahn_S_URW_@_Anch,40.7099872,-73.99300575
MHB-21_Manh_N_URDWY_@_Arch,40.708881,-73.991336
MHB-22_Manh_N_URDWY_@_Twr,40.708834,-73.991433
MHB-23_Manh_LRDWY_@_Twr,40.708814,-73.991511
MHB-24_Manh_S_URDWY_@_Twr,40.708773,-73.991612
MHB-25_Manh_S_URW_@_Twr_Walkwy,40.708714,-73.991704
MHB-27_Bklyn_N_URDWY_@_Twr,40.705112,-73.989272
MHB-28_Bklyn_LRDW_@_Twr,40.705069,-73.989401
MHB-29_Brklyn_S_URDWY_@_Twr,40.705039,-73.989502
MHB-30_@_BRK_S_URW_@_TWR_Walk_Way,40.705035,-73.98958
MHB-31_Bklyn_N_URW_@_Anch,40.70305779,-73.98849964
MHB-33_Bklyn_LRW_@_Ex_Ramp,40.6981775,-73.98652554
MLK_Jr._Expwy_@_Forest_Ave.,40.624898,-74.146235
MLK_Jr._Expwy_@_Walker_Street,40.630956,-74.145741
MLK_Jr._Expwy_@_Watchogue_Rd,40.617552,-74.15205
Montgomergy_@_South_St,40.710689,-73.984656
NE_Thruway_@_Conner_St,40.8839,-73.8259
New_Eng_Thru_@_Bartow,40.868476,-73.832667
New_England_Trwy_@_East_Tremont,40.82166891,-73.81915569
Northern_Blvd_@_106_St,40.757741,-73.862801
Northern_Blvd_@_68_St,40.75366162,-73.898592
Northern_Blvd_@_97_St,40.75639235,-73.87185574
Northern_Blvd_@_GCP,40.75769266,-73.85438919
Northern_Blvd_@_Honeywell_Bridge,40.752004,-73.931943
Northern_Blvd_@_Little_Neck_Pkwy,40.770649,-73.735503
Ocean_Pkwy_@_Ave_I,40.636159,-73.972751
Ocean_Pkwy_@_Ave_U,40.597857,-73.965454
Ocean_Pkwy_@_Ave_U,40.59785,-73.9655
Ocean_Pkwy_@_Church_Ave,40.644933,-73.974359
Ocean_Pkwy_@_Ditmas_Ave,40.636159,-73.972751
Oceania_@_LIE,40.7451111,-73.76748562
Outerbridge_Crossing_@_Tyrellan_Ave,40.525714,-74.230356
Park_Ave_@_23_St,40.73938847,-73.98631096
Park_Ave_@_34_St,40.74618404,-73.98124695
Park_Ave_@_57_St,40.7608458,-73.97051811
Pearl_St_@_Dover,40.70868596,-74.00193214
Pearl_Street_@_St._James_Pl,40.71047516,-74.00021553
Prospect_Expy_@_6_Ave,40.662427,-73.988693
Prospect_Expy_@_7_Ave,40.660376,-73.987234
Prospect_Expy_@_9_Ave,40.657429,-73.983135
Prospect_Expy_@_Caton_Ave,40.647792,-73.974938
Prospect_Expy_@_Fort_Hamilton_Pkwy,40.649811,-73.97541
Prospect_Pkwy_@_3_Ave,40.666593,-73.994958
QBB_@_Crescent_St,40.75028056,-73.94013405
QBB_LL_CM_@_11_St,40.75268633,-73.9464426
QBB_LL_CM_@_W_Channel,40.75736758,-73.95699978
QBB_NOR_@_York_Ave,40.75873289,-73.96008968
QBB_SOR_@_1_Ave,40.75938302,-73.96150589
QBB_UL_@_Queens_Pier,40.75473442,-73.95129204
QBB_UL_CM_@_Roosevelt,40.7561973,-73.95468235
QBB_UL_CM_@_York_Ave,40.75857035,-73.96039009
QBB_Uramp_@_23_St,40.75089826,-73.94210815
Qns_Blvd_@_65_Ave,40.72797425,-73.85765076
Qns_Blvd_@_65_PL,40.741495,-73.898293
Qns_Blvd_@_QnCnt_Mall,40.73356779,-73.86932373
Queens_Blvd_@_36_Street,40.744033,-73.926203
Queens_Blvd_@_51_St,40.742627,-73.914056
Queens_Blvd_@_Jackson_Ave,40.7489478,-73.9373769
Queens_Blvd_@_Skillman,40.7460324,-73.9344491
Queens_Blvd_@_Van_Dam,40.743034,-73.934624
Queens_Blvd_Mid_Span_of_QBB,40.747615,-73.936121
Queens_Midtown_Tunnel_@_Manhattan_Side,40.74524116,-73.97064686
Queens_Midtown_Tunnel_@_Queens_Side,40.74176212,-73.95841599
Queens_Plaza_N_@_Northern_Blvd,40.750323,-73.938321
Queens_Plaza_North_@_2811_(Westside),40.74937024,-73.93863201
Queens_Plz_S_@_27_St,40.7501753,-73.9398494
Rockaway_Blvd_@_Division_St,40.63702097,-73.74043372
RT._9A_@_N._Moore_St,40.71964812,-74.01206017
Sands_St_@_BQE_Ent,40.69918612,-73.98476601
Sands_St_@_Brooklyn_Bridge_Ent,40.69957655,-73.98854256
SIE_@_Clove_Rd,40.609361,-74.091434
SIE_@_Richmond_Ave,40.614885,-74.157435
South_St_@_Broad_St,40.701797,-74.011144
South_Street_@_Pike_Street,40.70927152,-73.99154663
Springfield_Ave_@_Jamaica_Ave,40.718516,-73.735207
Springfield_Blvd_@_Merrick_Blvd,40.680209,-73.753356
St_Nicholas_Ave_@_125_St,40.810107,-73.952585
St_Nicholas_Ave_@_145_St,40.824429,-73.944747
St_Nicholas_Ave_@_181_St,40.849657,-73.933675
Staten_Island_Expwy_@_Bradley_Ave,40.60817,-74.132073
Staten_Island_Expwy_@_Forest_Ave,40.625093,-74.177713
Staten_Island_Expwy_@_Gower_Street,40.609049,-74.124177
Staten_Island_Expwy_@_Richmond_Ave,40.615044,-74.15735
Staten_Island_Expwy_@_SIE/MLK_Interchange,40.612242,-74.153767
Staten_Island_Expwy_@_Victory_Blvd.,40.609522,-74.150183
Staten_Island_Expwy_@_W_of_South_Ave,40.621249,-74.168873
Sutton_Pl_@_58_St,40.75727006,-73.95996094
Throgs_Neck_Bridge_@_Bronx_Bound,40.821165,-73.814488
Throgs_Neck_Bridge_@_Queens_Bound,40.789083,-73.79157
Triborough_Bridge_Bronx_Bound,40.799604,-73.918512
Triborough_Bridge_Queens_Bound,40.77742172,-73.92571449
Triborough_Bridges_@_Manhattan_Bound,40.80055609,-73.92919064
Union_Sq_@_14_St,40.735226,-73.990946
Union_tpke_@_Little_Neck_Pkwy,40.743982,-73.717583
Van_Wyck_@_Atlantic,40.696874,-73.813465
Van_Wyck_Expwy_@_101__Ave_SB,40.693773,-73.81193
Van_Wyck_Expwy_@_101_Ave_NB,40.693968,-73.811431
Van_Wyck_Expwy_@_109_Ave,40.687341,-73.807777
Van_Wyck_Expwy_@_111_Ave,40.684474,-73.806756
Van_Wyck_Expwy_@_133_Ave_SB,40.669369,-73.80159
Van_Wyck_Expwy_@_67_Rd,40.733169,-73.835841
Van_Wyck_Expwy_@_87_Ave,40.706768,-73.819027
Van_Wyck_Expwy_@_91_Ave,40.699832,-73.814823
Van_Wyck_Expwy_@_Alwick_Rd_SB,40.673467,-73.801589
Van_Wyck_Expwy_@_Atlantic_Ave,40.697027,-73.813767
Van_Wyck_Expwy_@_College_Point_Blvd.,40.748502,-73.834591
Van_Wyck_Expwy_@_Foch_Blvd._SB,40.677796,-73.80354
Van_Wyck_Expwy_@_GCP/Interchange,40.716877,-73.826497
Van_Wyck_Expwy_@_Hillside_Ave,40.703875,-73.8167
Van_Wyck_Expwy_@_Jackie_Robinson_Pkwy,40.713339,-73.824376
Van_Wyck_Expwy_@_LIE,40.73935596,-73.84507656
Van_Wyck_Expwy_@_Queens_Blvd.(entrance_ramp),40.711483,-73.821954
Van_Wyck_Expwy_@_Rockaway_Blvd.,40.674623,-73.801507
Van_Wyck_Expwy_Btwn_115_Ave._&_116_Ave,40.680149,-73.804696
Van_Wyck_Expy_@_S_Conduit_Ave_LL,40.666235,-73.801711
Varick_St_@_Hudson_Street,40.72094915,-74.00751114
Verrazano-Narrows_@_Brooklyn_Bound,40.601213,-74.055619
Verrazano-Narrows_@_Staten_Island_Bound,40.603283,-74.054887
Victory_Blvd_@_Bay_St,40.637748,-74.076018
Victory_Blvd_@_Jersey_St,40.635735,-74.083777
Victory_Blvd_WOF_Campus_Dr,40.608768,-74.153616
VWE01_SB_at_134th_St_-_Ex19,40.706327,73.818254
VWE08_NB_at_Foch_Blvd_-_Ex2,40.6776,-73.802945
Water_St_@_John_St,40.70605086,-74.00485039
Water_St_@_Wall_St,40.70442421,-74.00721073
WBB-1_@_Bklyn_Plaza,40.70962936,-73.95974636
WBB-14_@_NIR_Bklyn_Kent_Ave,40.71174383,-73.96734238
WBB-16_@_SOR_Bklyn_Kent_Ave,40.716139,-73.996063
WBB-18_@_SOR_Cntr_Span,40.71268719,-73.97206306
WBB-19_@_Bklyn_Tower,40.71112576,-73.96644115
WBB-2_@_NOR_Bklyn-Driggs,40.71070287,-73.96317959
WBB-20_@_MidSpan,40.71005226,-73.96309376
WBB-21_@_SOR_Manh_Appr,40.71691588,-73.98571014
WBB-22_@_S_Manh_Twr,40.71379318,-73.97656918
WBB-23_@_N_Manh_Twr,40.714282,-73.976186
WBB-4_@_NOR_Bklyn-Mid_Span,40.71294743,-73.97171974
WBB-6_@_Delancy-Clinton,40.71724115,-73.98553848
West_Broadway_@_West_Houston_St,40.726958,-73.999928
West_Houston_@_Hudson_St,40.728739,-74.007137
West_Houston_@_Varick_St,40.7286,-74.005356
West_Shore_Expwy_@_Englewood_Ave,40.532279,-74.223976
West_Shore_Expwy_@_Fresh_Kills_Creek,40.577635,-74.19121
West_Shore_Expwy_@_Meredith_Blvd.,40.597303,-74.191232
West_Shore_Expwy_@_Victory_Blvd,40.566177,-74.193635
West_Shore_Expwy_@_Woodrow_Rd,40.541363,-74.224019
West_Shore_Expy_@_Arden_Ave,40.55975395,-74.19938564
West_Shore_Expy_@_Victory_Blvd,40.590118,-74.193442
West_St_@_Albany_St,40.70930405,-74.01493549
West_St_@_Canal_St,40.72507974,-74.0104723
West_St_@_Clarkson,40.729832,-74.010658
West_St_@_Murray,40.71444376,-74.0132618
West_St_@_West_Houston_St,40.729104,-74.010528
West_Street_@_Intrepid,40.76009816,-74.00218964
Whitestone_@_14_Ave,40.78613055,-73.82404804
Whitestone_@_Bronx_Bound,40.806837,-73.832813
Whitestone_@_Queens_Bound,40.79584539,-73.82580757
Whitestone_Expwy_@_14_Ave_(Median),40.786576,-73.824043
Whitestone_Expwy_@_25_Rd_(Median),40.776191,-73.828214
Whitestone_Nof_Linden_Pl,40.77062934,-73.83301735
Woodhaven_Blvd_@_Furmanville_Ave,40.720287,-73.865571
Woodhaven_Blvd_@_Jamaica_Ave,40.694,-73.852
Woodhaven_Blvd_@_Jamaica_Ave,40.693704,-73.852136
Woodhaven_Blvd_@_Myrtle_Ave,40.702613,-73.855269
Woodhaven_Blvd_@_Union_Tpke,40.70561,-73.8582
Worth_Street_@_Bowery,40.71275225,-73.99828434
Worth_Street_@_Lafayette_Street,40.71480157,-74.00279045
Worth_Street_@_W._Broadway,40.71691588,-74.00755405
WSE_@_Arden_Ave,40.560632,-74.199602
WSE03_SB_at_Bloomingdale_Rd-Ex3,40.54857,-74.220693
WSE04_SB_at_Rossville_Ave_-_Ex4,40.554765,-74.213161
WSE06_NB_at_Muldoon_Ave_-_Ex5,40.566177,-74.193635
